"","text","favorited","favoriteCount","replyToSN","created","truncated","replyToSID","id","replyToUID","statusSource","screenName","retweetCount","isRetweet","retweeted","longitude","latitude"
"1","Apple says iPhone 7 video is as good as a movie camera https://t.co/hpdrgtmY6P #iphone7",FALSE,0,NA,2016-12-07 08:00:49,FALSE,NA,"806408105189842944",NA,"<a href=""http://www.hootsuite.com"" rel=""nofollow"">Hootsuite</a>","jamesatcoywood",0,FALSE,FALSE,NA,NA
"2","RT @Shoji_NY: Micks took this picture and I was surprised about quality of iPhone 7's camera<ed><U+00A0><U+00BD><ed><U+00B8><U+0082><ed><U+00A0><U+00BD><ed><U+00B8><U+0082>
#projecttaro #iphone7 #<U+767D><U+9ED2> #<U+753B><U+8CEA> # https://t.co…",FALSE,0,NA,2016-12-07 07:53:45,FALSE,NA,"806406329543880704",NA,"<a href=""http://twitter.com/download/iphone"" rel=""nofollow"">Twitter for iPhone</a>","RRRE0712Yui_",459,TRUE,FALSE,NA,NA
"3","#iphoneography - #iphone7 camera is <ed><U+00A0><U+00BD><ed><U+00B1><U+008C><ed><U+00A0><U+00BC><ed><U+00BF><U+00BB><ed><U+00A0><U+00BD><ed><U+00B1><U+008C><ed><U+00A0><U+00BC><ed><U+00BF><U+00BB><ed><U+00A0><U+00BD><ed><U+00B1><U+008C><ed><U+00A0><U+00BC><ed><U+00BF><U+00BB> even with the reduced upload quality. Money well spent <ed><U+00A0><U+00BD><ed><U+00B8><U+008D> https://t.co/Wo8lobWEWP",FALSE,0,NA,2016-12-07 06:54:22,FALSE,NA,"806391382386606080",NA,"<a href=""http://twitter.com/download/iphone"" rel=""nofollow"">Twitter for iPhone</a>","bethcvale",0,FALSE,FALSE,NA,NA
"4","We sent the #iPhone7 to our test lab to see if it's rocking the best smartphone camera ever. Here's what we found:… https://t.co/n7mzhcEapT",FALSE,0,NA,2016-12-07 06:30:23,TRUE,NA,"806385346573455360",NA,"<a href=""http://www.hootsuite.com"" rel=""nofollow"">Hootsuite</a>","WhichTech",0,FALSE,FALSE,NA,NA
"5","RT @Shoji_NY: Micks took this picture and I was surprised about quality of iPhone 7's camera<ed><U+00A0><U+00BD><ed><U+00B8><U+0082><ed><U+00A0><U+00BD><ed><U+00B8><U+0082>
#projecttaro #iphone7 #<U+767D><U+9ED2> #<U+753B><U+8CEA> # https://t.co…",FALSE,0,NA,2016-12-07 06:12:25,FALSE,NA,"806380827798016000",NA,"<a href=""http://twitter.com/#!/download/ipad"" rel=""nofollow"">Twitter for iPad</a>","karenmkmh",459,TRUE,FALSE,NA,NA
"6","RT @Shoji_NY: Micks took this picture and I was surprised about quality of iPhone 7's camera<ed><U+00A0><U+00BD><ed><U+00B8><U+0082><ed><U+00A0><U+00BD><ed><U+00B8><U+0082>
#projecttaro #iphone7 #<U+767D><U+9ED2> #<U+753B><U+8CEA> # https://t.co…",FALSE,0,NA,2016-12-07 05:53:37,FALSE,NA,"806376095876530177",NA,"<a href=""http://twitter.com/download/iphone"" rel=""nofollow"">Twitter for iPhone</a>","kny_nn1027",459,TRUE,FALSE,NA,NA
"7","RT @Shoji_NY: Micks took this picture and I was surprised about quality of iPhone 7's camera<ed><U+00A0><U+00BD><ed><U+00B8><U+0082><ed><U+00A0><U+00BD><ed><U+00B8><U+0082>
#projecttaro #iphone7 #<U+767D><U+9ED2> #<U+753B><U+8CEA> # https://t.co…",FALSE,0,NA,2016-12-07 04:18:50,FALSE,NA,"806352242794082304",NA,"<a href=""http://twitter.com/download/iphone"" rel=""nofollow"">Twitter for iPhone</a>","AYA37047267",459,TRUE,FALSE,NA,NA
"8","RT @Shoji_NY: Micks took this picture and I was surprised about quality of iPhone 7's camera<ed><U+00A0><U+00BD><ed><U+00B8><U+0082><ed><U+00A0><U+00BD><ed><U+00B8><U+0082>
#projecttaro #iphone7 #<U+767D><U+9ED2> #<U+753B><U+8CEA> # https://t.co…",FALSE,0,NA,2016-12-07 04:05:26,FALSE,NA,"806348869000773632",NA,"<a href=""http://twitter.com/download/iphone"" rel=""nofollow"">Twitter for iPhone</a>","___Micks",459,TRUE,FALSE,NA,NA
"9","RT @Shoji_NY: Micks took this picture and I was surprised about quality of iPhone 7's camera<ed><U+00A0><U+00BD><ed><U+00B8><U+0082><ed><U+00A0><U+00BD><ed><U+00B8><U+0082>
#projecttaro #iphone7 #<U+767D><U+9ED2> #<U+753B><U+8CEA> # https://t.co…",FALSE,0,NA,2016-12-07 04:03:12,FALSE,NA,"806348309929422848",NA,"<a href=""http://twitter.com/download/iphone"" rel=""nofollow"">Twitter for iPhone</a>","project_yuto",459,TRUE,FALSE,NA,NA
"10","RT @Shoji_NY: Micks took this picture and I was surprised about quality of iPhone 7's camera<ed><U+00A0><U+00BD><ed><U+00B8><U+0082><ed><U+00A0><U+00BD><ed><U+00B8><U+0082>
#projecttaro #iphone7 #<U+767D><U+9ED2> #<U+753B><U+8CEA> # https://t.co…",FALSE,0,NA,2016-12-07 03:58:49,FALSE,NA,"806347202855481344",NA,"<a href=""http://twitter.com/download/iphone"" rel=""nofollow"">Twitter for iPhone</a>","AM_prtr",459,TRUE,FALSE,NA,NA
"11","RT @Shoji_NY: Micks took this picture and I was surprised about quality of iPhone 7's camera<ed><U+00A0><U+00BD><ed><U+00B8><U+0082><ed><U+00A0><U+00BD><ed><U+00B8><U+0082>
#projecttaro #iphone7 #<U+767D><U+9ED2> #<U+753B><U+8CEA> # https://t.co…",FALSE,0,NA,2016-12-07 03:56:58,FALSE,NA,"806346740383105024",NA,"<a href=""http://twitter.com/download/iphone"" rel=""nofollow"">Twitter for iPhone</a>","a_ayumu_i",459,TRUE,FALSE,NA,NA
"12","RT @Shoji_NY: Micks took this picture and I was surprised about quality of iPhone 7's camera<ed><U+00A0><U+00BD><ed><U+00B8><U+0082><ed><U+00A0><U+00BD><ed><U+00B8><U+0082>
#projecttaro #iphone7 #<U+767D><U+9ED2> #<U+753B><U+8CEA> # https://t.co…",FALSE,0,NA,2016-12-07 01:10:59,FALSE,NA,"806304969460584448",NA,"<a href=""http://twitter.com/download/iphone"" rel=""nofollow"">Twitter for iPhone</a>","ho6na3",459,TRUE,FALSE,NA,NA
"13","RT @Shoji_NY: Micks took this picture and I was surprised about quality of iPhone 7's camera<ed><U+00A0><U+00BD><ed><U+00B8><U+0082><ed><U+00A0><U+00BD><ed><U+00B8><U+0082>
#projecttaro #iphone7 #<U+767D><U+9ED2> #<U+753B><U+8CEA> # https://t.co…",FALSE,0,NA,2016-12-07 00:48:52,FALSE,NA,"806299402973233152",NA,"<a href=""http://twitter.com/download/iphone"" rel=""nofollow"">Twitter for iPhone</a>","ex_fam2403",459,TRUE,FALSE,NA,NA
"14","#Apple says #iPhone7 video is as good as a movie camera https://t.co/GsbL5ak2xq #UX",FALSE,0,NA,2016-12-06 23:52:12,FALSE,NA,"806285143547650049",NA,"<a href=""http://twitter.com"" rel=""nofollow"">Twitter Web Client</a>","ZappyZappy7",0,FALSE,FALSE,NA,NA
"15","RT @Shoji_NY: Micks took this picture and I was surprised about quality of iPhone 7's camera<ed><U+00A0><U+00BD><ed><U+00B8><U+0082><ed><U+00A0><U+00BD><ed><U+00B8><U+0082>
#projecttaro #iphone7 #<U+767D><U+9ED2> #<U+753B><U+8CEA> # https://t.co…",FALSE,0,NA,2016-12-06 23:30:56,FALSE,NA,"806279789841551360",NA,"<a href=""http://twitter.com/download/iphone"" rel=""nofollow"">Twitter for iPhone</a>","ex_3jsb_gene381",459,TRUE,FALSE,NA,NA
"16","RT @Shoji_NY: Micks took this picture and I was surprised about quality of iPhone 7's camera<ed><U+00A0><U+00BD><ed><U+00B8><U+0082><ed><U+00A0><U+00BD><ed><U+00B8><U+0082>
#projecttaro #iphone7 #<U+767D><U+9ED2> #<U+753B><U+8CEA> # https://t.co…",FALSE,0,NA,2016-12-06 23:09:54,FALSE,NA,"806274496676052992",NA,"<a href=""http://twitter.com/download/iphone"" rel=""nofollow"">Twitter for iPhone</a>","c_ex_3jsb_gene",459,TRUE,FALSE,NA,NA
"17","RT @TheCarlosPena: anyone staying up tonight to pre order #iphone7 ? Need that new camera for when baby Ocean comes!",FALSE,0,NA,2016-12-06 22:53:34,FALSE,NA,"806270385230585856",NA,"<a href=""http://twitter.com/download/android"" rel=""nofollow"">Twitter for Android</a>","Rusher4ever2345",929,TRUE,FALSE,NA,NA
"18","RT @Shoji_NY: Micks took this picture and I was surprised about quality of iPhone 7's camera<ed><U+00A0><U+00BD><ed><U+00B8><U+0082><ed><U+00A0><U+00BD><ed><U+00B8><U+0082>
#projecttaro #iphone7 #<U+767D><U+9ED2> #<U+753B><U+8CEA> # https://t.co…",FALSE,0,NA,2016-12-06 22:41:05,FALSE,NA,"806267243382247425",NA,"<a href=""http://twitter.com/download/iphone"" rel=""nofollow"">Twitter for iPhone</a>","miumi_yuto",459,TRUE,FALSE,NA,NA
"19","New #iphone7 camera is <ed><U+00A0><U+00BD><ed><U+00B2><U+00A6> #instrumental #organic #wemakemusic #trapjazz #producergrind… https://t.co/UxV4iBlRXa",FALSE,0,NA,2016-12-06 22:22:20,FALSE,NA,"806262525767647236",NA,"<a href=""http://instagram.com"" rel=""nofollow"">Instagram</a>","TheLetterLBeats",0,FALSE,FALSE,NA,NA
"20","RT @Shoji_NY: Micks took this picture and I was surprised about quality of iPhone 7's camera<ed><U+00A0><U+00BD><ed><U+00B8><U+0082><ed><U+00A0><U+00BD><ed><U+00B8><U+0082>
#projecttaro #iphone7 #<U+767D><U+9ED2> #<U+753B><U+8CEA> # https://t.co…",FALSE,0,NA,2016-12-06 21:45:40,FALSE,NA,"806253299133386752",NA,"<a href=""http://twitter.com"" rel=""nofollow"">Twitter Web Client</a>","AirGullveig",459,TRUE,FALSE,NA,NA
"21","RT @Shoji_NY: Micks took this picture and I was surprised about quality of iPhone 7's camera<ed><U+00A0><U+00BD><ed><U+00B8><U+0082><ed><U+00A0><U+00BD><ed><U+00B8><U+0082>
#projecttaro #iphone7 #<U+767D><U+9ED2> #<U+753B><U+8CEA> # https://t.co…",FALSE,0,NA,2016-12-06 21:42:47,FALSE,NA,"806252571182526464",NA,"<a href=""http://twitter.com/download/iphone"" rel=""nofollow"">Twitter for iPhone</a>","0306Mao0306",459,TRUE,FALSE,NA,NA
"22","RT @Angiecre8: Finished #painting?
Then took #photo with #iphone7 #camera &amp; got a fresh perspective on #ipadscreen
Amazing tools 4 #artists…",FALSE,0,NA,2016-12-06 21:41:50,FALSE,NA,"806252334091112448",NA,"<a href=""http://twitter.com"" rel=""nofollow"">Twitter Web Client</a>","yeisato",24,TRUE,FALSE,NA,NA
"23","Apple Releases New ‘Romeo and Juliet’ Ad Highlighting iPhone #virtualreality #iphone7 https://t.co/mFiCqQWt2l https://t.co/IEM7X2ybM8",FALSE,1,NA,2016-12-06 20:50:21,FALSE,NA,"806239378255314944",NA,"<a href=""http://www.socialcloudsuite.com"" rel=""nofollow"">SocialCloudSuite</a>","ihnich_adil",0,FALSE,FALSE,NA,NA
"24","RT @Angiecre8: Finished #painting?
Then took #photo with #iphone7 #camera &amp; got a fresh perspective on #ipadscreen
Amazing tools 4 #artists…",FALSE,0,NA,2016-12-06 20:48:27,FALSE,NA,"806238898246615040",NA,"<a href=""http://twitter.com"" rel=""nofollow"">Twitter Web Client</a>","BakCetin",24,TRUE,FALSE,NA,NA
"25","RT @Shoji_NY: Micks took this picture and I was surprised about quality of iPhone 7's camera<ed><U+00A0><U+00BD><ed><U+00B8><U+0082><ed><U+00A0><U+00BD><ed><U+00B8><U+0082>
#projecttaro #iphone7 #<U+767D><U+9ED2> #<U+753B><U+8CEA> # https://t.co…",FALSE,0,NA,2016-12-06 16:28:59,FALSE,NA,"806173603792158721",NA,"<a href=""http://twitter.com/download/iphone"" rel=""nofollow"">Twitter for iPhone</a>","omi_LDHshi",459,TRUE,FALSE,NA,NA
"26","RT @Shoji_NY: Micks took this picture and I was surprised about quality of iPhone 7's camera<ed><U+00A0><U+00BD><ed><U+00B8><U+0082><ed><U+00A0><U+00BD><ed><U+00B8><U+0082>
#projecttaro #iphone7 #<U+767D><U+9ED2> #<U+753B><U+8CEA> # https://t.co…",FALSE,0,NA,2016-12-06 16:12:51,FALSE,NA,"806169542032400384",NA,"<a href=""http://twitter.com/download/iphone"" rel=""nofollow"">Twitter for iPhone</a>","3mansel",459,TRUE,FALSE,NA,NA
"27","RT @Shoji_NY: Micks took this picture and I was surprised about quality of iPhone 7's camera<ed><U+00A0><U+00BD><ed><U+00B8><U+0082><ed><U+00A0><U+00BD><ed><U+00B8><U+0082>
#projecttaro #iphone7 #<U+767D><U+9ED2> #<U+753B><U+8CEA> # https://t.co…",FALSE,0,NA,2016-12-06 15:14:14,FALSE,NA,"806154791088832513",NA,"<a href=""http://twitter.com/download/iphone"" rel=""nofollow"">Twitter for iPhone</a>","ItsMe_AMNB",459,TRUE,FALSE,NA,NA
"28","RT @Shoji_NY: Micks took this picture and I was surprised about quality of iPhone 7's camera<ed><U+00A0><U+00BD><ed><U+00B8><U+0082><ed><U+00A0><U+00BD><ed><U+00B8><U+0082>
#projecttaro #iphone7 #<U+767D><U+9ED2> #<U+753B><U+8CEA> # https://t.co…",FALSE,0,NA,2016-12-06 15:06:41,FALSE,NA,"806152890192494592",NA,"<a href=""http://twitter.com/download/iphone"" rel=""nofollow"">Twitter for iPhone</a>","RY____lov89",459,TRUE,FALSE,NA,NA
"29","RT @Shoji_NY: Micks took this picture and I was surprised about quality of iPhone 7's camera<ed><U+00A0><U+00BD><ed><U+00B8><U+0082><ed><U+00A0><U+00BD><ed><U+00B8><U+0082>
#projecttaro #iphone7 #<U+767D><U+9ED2> #<U+753B><U+8CEA> # https://t.co…",FALSE,0,NA,2016-12-06 15:03:07,FALSE,NA,"806151992447860736",NA,"<a href=""http://twitter.com/download/android"" rel=""nofollow"">Twitter for Android</a>","X8Rx8KaHdQIcjzP",459,TRUE,FALSE,NA,NA
"30","Here's what you can do with camera on #iPhone7 https://t.co/ZYSnPB6F57",FALSE,0,NA,2016-12-06 15:01:01,FALSE,NA,"806151465450475520",NA,"<a href=""http://www.hootsuite.com"" rel=""nofollow"">Hootsuite</a>","Padraicino",0,FALSE,FALSE,NA,NA
"31","RT @Shoji_NY: Micks took this picture and I was surprised about quality of iPhone 7's camera<ed><U+00A0><U+00BD><ed><U+00B8><U+0082><ed><U+00A0><U+00BD><ed><U+00B8><U+0082>
#projecttaro #iphone7 #<U+767D><U+9ED2> #<U+753B><U+8CEA> # https://t.co…",FALSE,0,NA,2016-12-06 14:59:50,FALSE,NA,"806151167973597184",NA,"<a href=""http://twitter.com/download/iphone"" rel=""nofollow"">Twitter for iPhone</a>","tami_miu",459,TRUE,FALSE,NA,NA
"32","Apple's 'Romeo and Juliet' ad puts iPhone 7 Plus camera in focus #virtualreality #iphone7 https://t.co/KzN8FPxrm2 https://t.co/2kqSBVClSB",FALSE,1,NA,2016-12-06 14:48:29,FALSE,NA,"806148310327246848",NA,"<a href=""http://www.socialcloudsuite.com"" rel=""nofollow"">SocialCloudSuite</a>","ihnich_adil",0,FALSE,FALSE,NA,NA
"33","RT @allenross356: Apple says iPhone 7 video is as good as a movie camera https://t.co/gBrsjGk85h #CNET #technology #apple #iphone7 #video #…",FALSE,0,NA,2016-12-06 14:43:21,FALSE,NA,"806147020494872576",NA,"<a href=""http://igisnust.weebly.com"" rel=""nofollow"">iRetweeter</a>","iSarahJean",2,TRUE,FALSE,NA,NA
"34","$AAPL #Apple Romeo and Juliet Ad Shows #iPhone7 Dual Camera Capabilities - https://t.co/L4jzAoCuw0",FALSE,2,NA,2016-12-06 14:42:40,FALSE,NA,"806146846649421824",NA,"<a href=""http://twitter.com"" rel=""nofollow"">Twitter Web Client</a>","JessicaParrish0",0,FALSE,FALSE,NA,NA
"35","RT @allenross356: Apple says iPhone 7 video is as good as a movie camera https://t.co/gBrsjGk85h #CNET #technology #apple #iphone7 #video #…",FALSE,0,NA,2016-12-06 14:36:41,FALSE,NA,"806145343201153028",NA,"<a href=""http://twitter.com"" rel=""nofollow"">Twitter Web Client</a>","sjltx1963",2,TRUE,FALSE,NA,NA
"36","Apple says iPhone 7 video is as good as a movie camera https://t.co/gBrsjGk85h #CNET #technology #apple #iphone7 #video #movie #camera",FALSE,2,NA,2016-12-06 14:36:24,FALSE,NA,"806145270627049472",NA,"<a href=""http://twitter.com"" rel=""nofollow"">Twitter Web Client</a>","allenross356",2,FALSE,FALSE,NA,NA
"37","RT @Shoji_NY: Micks took this picture and I was surprised about quality of iPhone 7's camera<ed><U+00A0><U+00BD><ed><U+00B8><U+0082><ed><U+00A0><U+00BD><ed><U+00B8><U+0082>
#projecttaro #iphone7 #<U+767D><U+9ED2> #<U+753B><U+8CEA> # https://t.co…",FALSE,0,NA,2016-12-06 14:25:52,FALSE,NA,"806142618929270784",NA,"<a href=""http://twitter.com/download/iphone"" rel=""nofollow"">Twitter for iPhone</a>","TARO0810_LOVE",459,TRUE,FALSE,NA,NA
"38","RT @Shoji_NY: Micks took this picture and I was surprised about quality of iPhone 7's camera<ed><U+00A0><U+00BD><ed><U+00B8><U+0082><ed><U+00A0><U+00BD><ed><U+00B8><U+0082>
#projecttaro #iphone7 #<U+767D><U+9ED2> #<U+753B><U+8CEA> # https://t.co…",FALSE,0,NA,2016-12-06 14:25:51,FALSE,NA,"806142616131674113",NA,"<a href=""http://twitter.com"" rel=""nofollow"">Twitter Web Client</a>","Summer_Love716",459,TRUE,FALSE,NA,NA
"39","RT @iPhoneHackx: Apple Releases New ‘Romeo and Juliet’ Ad Highlighting iPhone 7’s Camera https://t.co/5fzFI03oHk #AppleNews #iPhone7 https:…",FALSE,0,NA,2016-12-06 14:15:31,FALSE,NA,"806140013540937728",NA,"<a href=""http://twitter.com/download/iphone"" rel=""nofollow"">Twitter for iPhone</a>","jonathanmoya123",1,TRUE,FALSE,NA,NA
"40","RT @Shoji_NY: Micks took this picture and I was surprised about quality of iPhone 7's camera<ed><U+00A0><U+00BD><ed><U+00B8><U+0082><ed><U+00A0><U+00BD><ed><U+00B8><U+0082>
#projecttaro #iphone7 #<U+767D><U+9ED2> #<U+753B><U+8CEA> # https://t.co…",FALSE,0,NA,2016-12-06 14:12:30,FALSE,NA,"806139254053040128",NA,"<a href=""http://twitter.com/download/iphone"" rel=""nofollow"">Twitter for iPhone</a>","Ldh_012_ruu",459,TRUE,FALSE,NA,NA
"41","Apple Releases New ‘Romeo and Juliet’ Ad Highlighting iPhone 7’s Camera https://t.co/5fzFI03oHk #AppleNews #iPhone7 https://t.co/nDnnNeszj4",FALSE,4,NA,2016-12-06 14:05:11,FALSE,NA,"806137413366140928",NA,"<a href=""http://bufferapp.com"" rel=""nofollow"">Buffer</a>","iPhoneHackx",1,FALSE,FALSE,NA,NA
"42","#Apple touts the #iPhone7 camera in new ‘Romeo and Juliet’ themed commercial
<ed><U+00A0><U+00BD><ed><U+00B1><U+0089> https://t.co/ACZ7z4GQKi https://t.co/iaJv3sUQtY",FALSE,0,NA,2016-12-06 14:01:11,FALSE,NA,"806136405982408704",NA,"<a href=""http://www.hootsuite.com"" rel=""nofollow"">Hootsuite</a>","PickMod",0,FALSE,FALSE,NA,NA
"43","Is the iPhone 7 camera the best we've seen on a smartphone? Our test lab has the verdict: https://t.co/weJnItpTzE… https://t.co/5XiYaJB2Ca",FALSE,1,NA,2016-12-06 14:00:59,TRUE,NA,"806136356930015232",NA,"<a href=""http://www.hootsuite.com"" rel=""nofollow"">Hootsuite</a>","WhichTech",0,FALSE,FALSE,NA,NA
"44","RT @Shoji_NY: Micks took this picture and I was surprised about quality of iPhone 7's camera<ed><U+00A0><U+00BD><ed><U+00B8><U+0082><ed><U+00A0><U+00BD><ed><U+00B8><U+0082>
#projecttaro #iphone7 #<U+767D><U+9ED2> #<U+753B><U+8CEA> # https://t.co…",FALSE,0,NA,2016-12-06 13:57:36,FALSE,NA,"806135507377754112",NA,"<a href=""http://twitter.com/download/iphone"" rel=""nofollow"">Twitter for iPhone</a>","i_am_rei_0_",459,TRUE,FALSE,NA,NA
"45","RT @Shoji_NY: Micks took this picture and I was surprised about quality of iPhone 7's camera<ed><U+00A0><U+00BD><ed><U+00B8><U+0082><ed><U+00A0><U+00BD><ed><U+00B8><U+0082>
#projecttaro #iphone7 #<U+767D><U+9ED2> #<U+753B><U+8CEA> # https://t.co…",FALSE,0,NA,2016-12-06 13:50:12,FALSE,NA,"806133645224210433",NA,"<a href=""http://twitter.com/download/iphone"" rel=""nofollow"">Twitter for iPhone</a>","fs5yne06XVSv4T7",459,TRUE,FALSE,NA,NA
"46","RT @Shoji_NY: Micks took this picture and I was surprised about quality of iPhone 7's camera<ed><U+00A0><U+00BD><ed><U+00B8><U+0082><ed><U+00A0><U+00BD><ed><U+00B8><U+0082>
#projecttaro #iphone7 #<U+767D><U+9ED2> #<U+753B><U+8CEA> # https://t.co…",FALSE,0,NA,2016-12-06 13:48:46,FALSE,NA,"806133281297027072",NA,"<a href=""http://twitter.com/download/iphone"" rel=""nofollow"">Twitter for iPhone</a>","manaayatwins021",459,TRUE,FALSE,NA,NA
"47","RT @Angiecre8: Finished #painting?
Then took #photo with #iphone7 #camera &amp; got a fresh perspective on #ipadscreen
Amazing tools 4 #artists…",FALSE,0,NA,2016-12-06 13:40:18,FALSE,NA,"806131150611775488",NA,"<a href=""http://twitter.com/#!/download/ipad"" rel=""nofollow"">Twitter for iPad</a>","Fabiottino",24,TRUE,FALSE,NA,NA
"48","RT @Shoji_NY: Micks took this picture and I was surprised about quality of iPhone 7's camera<ed><U+00A0><U+00BD><ed><U+00B8><U+0082><ed><U+00A0><U+00BD><ed><U+00B8><U+0082>
#projecttaro #iphone7 #<U+767D><U+9ED2> #<U+753B><U+8CEA> # https://t.co…",FALSE,0,NA,2016-12-06 13:36:39,FALSE,NA,"806130231773794304",NA,"<a href=""http://twitter.com/#!/download/ipad"" rel=""nofollow"">Twitter for iPad</a>","Shoji__Jr",459,TRUE,FALSE,NA,NA
"49","RT @Shoji_NY: Micks took this picture and I was surprised about quality of iPhone 7's camera<ed><U+00A0><U+00BD><ed><U+00B8><U+0082><ed><U+00A0><U+00BD><ed><U+00B8><U+0082>
#projecttaro #iphone7 #<U+767D><U+9ED2> #<U+753B><U+8CEA> # https://t.co…",FALSE,0,NA,2016-12-06 13:28:21,FALSE,NA,"806128144386166784",NA,"<a href=""http://twitter.com/download/android"" rel=""nofollow"">Twitter for Android</a>","12O8O623",459,TRUE,FALSE,NA,NA
"50","RT @Shoji_NY: Micks took this picture and I was surprised about quality of iPhone 7's camera<ed><U+00A0><U+00BD><ed><U+00B8><U+0082><ed><U+00A0><U+00BD><ed><U+00B8><U+0082>
#projecttaro #iphone7 #<U+767D><U+9ED2> #<U+753B><U+8CEA> # https://t.co…",FALSE,0,NA,2016-12-06 13:16:42,FALSE,NA,"806125211238035456",NA,"<a href=""http://twitter.com/download/iphone"" rel=""nofollow"">Twitter for iPhone</a>","R_GUN_LDH",459,TRUE,FALSE,NA,NA
"51","RT @Shoji_NY: Micks took this picture and I was surprised about quality of iPhone 7's camera<ed><U+00A0><U+00BD><ed><U+00B8><U+0082><ed><U+00A0><U+00BD><ed><U+00B8><U+0082>
#projecttaro #iphone7 #<U+767D><U+9ED2> #<U+753B><U+8CEA> # https://t.co…",FALSE,0,NA,2016-12-06 12:59:07,FALSE,NA,"806120786503139328",NA,"<a href=""http://twitter.com/download/iphone"" rel=""nofollow"">Twitter for iPhone</a>","yuna___mars",459,TRUE,FALSE,NA,NA
"52","RT @Shoji_NY: Micks took this picture and I was surprised about quality of iPhone 7's camera<ed><U+00A0><U+00BD><ed><U+00B8><U+0082><ed><U+00A0><U+00BD><ed><U+00B8><U+0082>
#projecttaro #iphone7 #<U+767D><U+9ED2> #<U+753B><U+8CEA> # https://t.co…",FALSE,0,NA,2016-12-06 12:53:30,FALSE,NA,"806119372766859264",NA,"<a href=""http://twitter.com/download/iphone"" rel=""nofollow"">Twitter for iPhone</a>","zarusaya",459,TRUE,FALSE,NA,NA
"53","RT @Shoji_NY: Micks took this picture and I was surprised about quality of iPhone 7's camera<ed><U+00A0><U+00BD><ed><U+00B8><U+0082><ed><U+00A0><U+00BD><ed><U+00B8><U+0082>
#projecttaro #iphone7 #<U+767D><U+9ED2> #<U+753B><U+8CEA> # https://t.co…",FALSE,0,NA,2016-12-06 12:49:06,FALSE,NA,"806118266527621120",NA,"<a href=""http://twitter.com/download/iphone"" rel=""nofollow"">Twitter for iPhone</a>","punpun_shoji",459,TRUE,FALSE,NA,NA
"54","RT @Shoji_NY: Micks took this picture and I was surprised about quality of iPhone 7's camera<ed><U+00A0><U+00BD><ed><U+00B8><U+0082><ed><U+00A0><U+00BD><ed><U+00B8><U+0082>
#projecttaro #iphone7 #<U+767D><U+9ED2> #<U+753B><U+8CEA> # https://t.co…",FALSE,0,NA,2016-12-06 12:48:49,FALSE,NA,"806118197019611137",NA,"<a href=""http://twitter.com/download/iphone"" rel=""nofollow"">Twitter for iPhone</a>","MDance3190",459,TRUE,FALSE,NA,NA
"55","RT @Shoji_NY: Micks took this picture and I was surprised about quality of iPhone 7's camera<ed><U+00A0><U+00BD><ed><U+00B8><U+0082><ed><U+00A0><U+00BD><ed><U+00B8><U+0082>
#projecttaro #iphone7 #<U+767D><U+9ED2> #<U+753B><U+8CEA> # https://t.co…",FALSE,0,NA,2016-12-06 12:36:27,FALSE,NA,"806115082765668353",NA,"<a href=""http://twitter.com/download/iphone"" rel=""nofollow"">Twitter for iPhone</a>","______M_0517",459,TRUE,FALSE,NA,NA
"56","RT @Shoji_NY: Micks took this picture and I was surprised about quality of iPhone 7's camera<ed><U+00A0><U+00BD><ed><U+00B8><U+0082><ed><U+00A0><U+00BD><ed><U+00B8><U+0082>
#projecttaro #iphone7 #<U+767D><U+9ED2> #<U+753B><U+8CEA> # https://t.co…",FALSE,0,NA,2016-12-06 12:34:55,FALSE,NA,"806114696805765121",NA,"<a href=""http://twitter.com/download/iphone"" rel=""nofollow"">Twitter for iPhone</a>","MMM_____6633",459,TRUE,FALSE,NA,NA
"57","RT @Shoji_NY: Micks took this picture and I was surprised about quality of iPhone 7's camera<ed><U+00A0><U+00BD><ed><U+00B8><U+0082><ed><U+00A0><U+00BD><ed><U+00B8><U+0082>
#projecttaro #iphone7 #<U+767D><U+9ED2> #<U+753B><U+8CEA> # https://t.co…",FALSE,0,NA,2016-12-06 10:57:07,FALSE,NA,"806090084978020353",NA,"<a href=""http://twitter.com"" rel=""nofollow"">Twitter Web Client</a>","momonngamomonn3",459,TRUE,FALSE,NA,NA
"58","RT @Shoji_NY: Micks took this picture and I was surprised about quality of iPhone 7's camera<ed><U+00A0><U+00BD><ed><U+00B8><U+0082><ed><U+00A0><U+00BD><ed><U+00B8><U+0082>
#projecttaro #iphone7 #<U+767D><U+9ED2> #<U+753B><U+8CEA> # https://t.co…",FALSE,0,NA,2016-12-06 10:56:01,FALSE,NA,"806089810163044352",NA,"<a href=""http://twitter.com/download/iphone"" rel=""nofollow"">Twitter for iPhone</a>","kotonecchi_0710",459,TRUE,FALSE,NA,NA
"59","RT @Shoji_NY: Micks took this picture and I was surprised about quality of iPhone 7's camera<ed><U+00A0><U+00BD><ed><U+00B8><U+0082><ed><U+00A0><U+00BD><ed><U+00B8><U+0082>
#projecttaro #iphone7 #<U+767D><U+9ED2> #<U+753B><U+8CEA> # https://t.co…",FALSE,0,NA,2016-12-06 10:53:27,FALSE,NA,"806089162994520071",NA,"<a href=""http://twitter.com/download/iphone"" rel=""nofollow"">Twitter for iPhone</a>","Psfj38ciS6xyiD9",459,TRUE,FALSE,NA,NA
"60","RT @Shoji_NY: Micks took this picture and I was surprised about quality of iPhone 7's camera<ed><U+00A0><U+00BD><ed><U+00B8><U+0082><ed><U+00A0><U+00BD><ed><U+00B8><U+0082>
#projecttaro #iphone7 #<U+767D><U+9ED2> #<U+753B><U+8CEA> # https://t.co…",FALSE,0,NA,2016-12-06 10:30:48,FALSE,NA,"806083461324804097",NA,"<a href=""http://twitter.com/download/android"" rel=""nofollow"">Twitter for Android</a>","NRo7CRAZY",459,TRUE,FALSE,NA,NA
"61","RT @Shoji_NY: Micks took this picture and I was surprised about quality of iPhone 7's camera<ed><U+00A0><U+00BD><ed><U+00B8><U+0082><ed><U+00A0><U+00BD><ed><U+00B8><U+0082>
#projecttaro #iphone7 #<U+767D><U+9ED2> #<U+753B><U+8CEA> # https://t.co…",FALSE,0,NA,2016-12-06 10:26:28,FALSE,NA,"806082373469151232",NA,"<a href=""http://twitter.com/download/iphone"" rel=""nofollow"">Twitter for iPhone</a>","_elly24soul_",459,TRUE,FALSE,NA,NA
"62","RT @Shoji_NY: Micks took this picture and I was surprised about quality of iPhone 7's camera<ed><U+00A0><U+00BD><ed><U+00B8><U+0082><ed><U+00A0><U+00BD><ed><U+00B8><U+0082>
#projecttaro #iphone7 #<U+767D><U+9ED2> #<U+753B><U+8CEA> # https://t.co…",FALSE,0,NA,2016-12-06 10:21:06,FALSE,NA,"806081021972123649",NA,"<a href=""http://twitter.com/download/iphone"" rel=""nofollow"">Twitter for iPhone</a>","Nonoka_0716",459,TRUE,FALSE,NA,NA
"63","RT @Shoji_NY: Micks took this picture and I was surprised about quality of iPhone 7's camera<ed><U+00A0><U+00BD><ed><U+00B8><U+0082><ed><U+00A0><U+00BD><ed><U+00B8><U+0082>
#projecttaro #iphone7 #<U+767D><U+9ED2> #<U+753B><U+8CEA> # https://t.co…",FALSE,0,NA,2016-12-06 10:18:17,FALSE,NA,"806080312933351424",NA,"<a href=""http://twitter.com/download/iphone"" rel=""nofollow"">Twitter for iPhone</a>","SoRa_248",459,TRUE,FALSE,NA,NA
"64","RT @Shoji_NY: Micks took this picture and I was surprised about quality of iPhone 7's camera<ed><U+00A0><U+00BD><ed><U+00B8><U+0082><ed><U+00A0><U+00BD><ed><U+00B8><U+0082>
#projecttaro #iphone7 #<U+767D><U+9ED2> #<U+753B><U+8CEA> # https://t.co…",FALSE,0,NA,2016-12-06 10:15:28,FALSE,NA,"806079602460233728",NA,"<a href=""http://twitter.com/download/android"" rel=""nofollow"">Twitter for Android</a>","Anri__JP",459,TRUE,FALSE,NA,NA
"65","#Apple's new iPhone 7 #ad features the cutest 'Romeo and Juliet' ever https://t.co/J9N65JFtNW #romeoandjuliet #camera #iphone7",FALSE,0,NA,2016-12-06 10:13:03,FALSE,NA,"806078994894438400",NA,"<a href=""http://www.google.com/"" rel=""nofollow"">Google</a>","Xtechnews",0,FALSE,FALSE,NA,NA
"66","#MSys brings you latest offer! Get #Cannon camera on enrollment with any of our courses or get #iphone7 with group… https://t.co/aeyYWWybGw",FALSE,0,NA,2016-12-06 10:03:34,TRUE,NA,"806076608767410176",NA,"<a href=""http://twitter.com"" rel=""nofollow"">Twitter Web Client</a>","Msys008",0,FALSE,FALSE,NA,NA
"67","RT @Shoji_NY: Micks took this picture and I was surprised about quality of iPhone 7's camera<ed><U+00A0><U+00BD><ed><U+00B8><U+0082><ed><U+00A0><U+00BD><ed><U+00B8><U+0082>
#projecttaro #iphone7 #<U+767D><U+9ED2> #<U+753B><U+8CEA> # https://t.co…",FALSE,0,NA,2016-12-06 10:02:32,FALSE,NA,"806076350524104704",NA,"<a href=""http://twitter.com/download/iphone"" rel=""nofollow"">Twitter for iPhone</a>","shoji_love_rina",459,TRUE,FALSE,NA,NA
"68","RT @Shoji_NY: Micks took this picture and I was surprised about quality of iPhone 7's camera<ed><U+00A0><U+00BD><ed><U+00B8><U+0082><ed><U+00A0><U+00BD><ed><U+00B8><U+0082>
#projecttaro #iphone7 #<U+767D><U+9ED2> #<U+753B><U+8CEA> # https://t.co…",FALSE,0,NA,2016-12-06 10:00:02,FALSE,NA,"806075721701474305",NA,"<a href=""http://twitter.com/download/iphone"" rel=""nofollow"">Twitter for iPhone</a>","moe0508_ny",459,TRUE,FALSE,NA,NA
"69","RT @Shoji_NY: Micks took this picture and I was surprised about quality of iPhone 7's camera<ed><U+00A0><U+00BD><ed><U+00B8><U+0082><ed><U+00A0><U+00BD><ed><U+00B8><U+0082>
#projecttaro #iphone7 #<U+767D><U+9ED2> #<U+753B><U+8CEA> # https://t.co…",FALSE,0,NA,2016-12-06 09:53:47,FALSE,NA,"806074145855258626",NA,"<a href=""http://twitter.com/download/iphone"" rel=""nofollow"">Twitter for iPhone</a>","gM5fUdsbi6McM0X",459,TRUE,FALSE,NA,NA
"70","RT @Shoji_NY: Micks took this picture and I was surprised about quality of iPhone 7's camera<ed><U+00A0><U+00BD><ed><U+00B8><U+0082><ed><U+00A0><U+00BD><ed><U+00B8><U+0082>
#projecttaro #iphone7 #<U+767D><U+9ED2> #<U+753B><U+8CEA> # https://t.co…",FALSE,0,NA,2016-12-06 09:47:41,FALSE,NA,"806072612782678016",NA,"<a href=""http://twitter.com/download/iphone"" rel=""nofollow"">Twitter for iPhone</a>","Ruka_3JSB_",459,TRUE,FALSE,NA,NA
"71","RT @GulPanag: Also, #pixel front camera is way better than #iphone7 's  . For #elfie purpose",FALSE,0,NA,2016-12-06 09:42:06,FALSE,NA,"806071206134706176",NA,"<a href=""http://twitter.com"" rel=""nofollow"">Twitter Web Client</a>","rahulbajaj",14,TRUE,FALSE,NA,NA
"72","RT @Shoji_NY: Micks took this picture and I was surprised about quality of iPhone 7's camera<ed><U+00A0><U+00BD><ed><U+00B8><U+0082><ed><U+00A0><U+00BD><ed><U+00B8><U+0082>
#projecttaro #iphone7 #<U+767D><U+9ED2> #<U+753B><U+8CEA> # https://t.co…",FALSE,0,NA,2016-12-06 09:40:16,FALSE,NA,"806070745642115072",NA,"<a href=""http://twitter.com/download/iphone"" rel=""nofollow"">Twitter for iPhone</a>","ru_yuto_ka",459,TRUE,FALSE,NA,NA
"73","RT @Shoji_NY: Micks took this picture and I was surprised about quality of iPhone 7's camera<ed><U+00A0><U+00BD><ed><U+00B8><U+0082><ed><U+00A0><U+00BD><ed><U+00B8><U+0082>
#projecttaro #iphone7 #<U+767D><U+9ED2> #<U+753B><U+8CEA> # https://t.co…",FALSE,0,NA,2016-12-06 09:37:21,FALSE,NA,"806070012398030849",NA,"<a href=""http://twitter.com/download/iphone"" rel=""nofollow"">Twitter for iPhone</a>","maaasa_xxx",459,TRUE,FALSE,NA,NA
"74","Apple's new iPhone 7 ad features the cutest Romeo… https://t.co/uvlODXfSPO #RomeoAndJuliet #Camera #Ad #Iphone7 #Apple Add @iSocialMediaSea",FALSE,0,NA,2016-12-06 09:30:08,FALSE,NA,"806068193802350592",NA,"<a href=""http://dlvr.it"" rel=""nofollow"">dlvr.it</a>","iSocialMediaSea",0,FALSE,FALSE,NA,NA
"75","RT @Shoji_NY: Micks took this picture and I was surprised about quality of iPhone 7's camera<ed><U+00A0><U+00BD><ed><U+00B8><U+0082><ed><U+00A0><U+00BD><ed><U+00B8><U+0082>
#projecttaro #iphone7 #<U+767D><U+9ED2> #<U+753B><U+8CEA> # https://t.co…",FALSE,0,NA,2016-12-06 09:29:09,FALSE,NA,"806067949924552705",NA,"<a href=""http://twitter.com/download/android"" rel=""nofollow"">Twitter for Android</a>","hyt03126kyoki",459,TRUE,FALSE,NA,NA
"76","RT @Shoji_NY: Micks took this picture and I was surprised about quality of iPhone 7's camera<ed><U+00A0><U+00BD><ed><U+00B8><U+0082><ed><U+00A0><U+00BD><ed><U+00B8><U+0082>
#projecttaro #iphone7 #<U+767D><U+9ED2> #<U+753B><U+8CEA> # https://t.co…",FALSE,0,NA,2016-12-06 09:28:31,FALSE,NA,"806067789286895616",NA,"<a href=""http://twitter.com/download/iphone"" rel=""nofollow"">Twitter for iPhone</a>","aoi_aym_ms",459,TRUE,FALSE,NA,NA
"77","RT @Shoji_NY: Micks took this picture and I was surprised about quality of iPhone 7's camera<ed><U+00A0><U+00BD><ed><U+00B8><U+0082><ed><U+00A0><U+00BD><ed><U+00B8><U+0082>
#projecttaro #iphone7 #<U+767D><U+9ED2> #<U+753B><U+8CEA> # https://t.co…",FALSE,0,NA,2016-12-06 09:27:30,FALSE,NA,"806067531475582976",NA,"<a href=""http://twitter.com/download/android"" rel=""nofollow"">Twitter for Android</a>","KURUMI73692098",459,TRUE,FALSE,NA,NA
"78","RT @Shoji_NY: Micks took this picture and I was surprised about quality of iPhone 7's camera<ed><U+00A0><U+00BD><ed><U+00B8><U+0082><ed><U+00A0><U+00BD><ed><U+00B8><U+0082>
#projecttaro #iphone7 #<U+767D><U+9ED2> #<U+753B><U+8CEA> # https://t.co…",FALSE,0,NA,2016-12-06 09:21:03,FALSE,NA,"806065909907353601",NA,"<a href=""http://twitter.com/download/iphone"" rel=""nofollow"">Twitter for iPhone</a>","24k_1207",459,TRUE,FALSE,NA,NA
"79","RT @Shoji_NY: Micks took this picture and I was surprised about quality of iPhone 7's camera<ed><U+00A0><U+00BD><ed><U+00B8><U+0082><ed><U+00A0><U+00BD><ed><U+00B8><U+0082>
#projecttaro #iphone7 #<U+767D><U+9ED2> #<U+753B><U+8CEA> # https://t.co…",FALSE,0,NA,2016-12-06 09:18:56,FALSE,NA,"806065376316399617",NA,"<a href=""http://twitter.com/download/iphone"" rel=""nofollow"">Twitter for iPhone</a>","taronymomoko",459,TRUE,FALSE,NA,NA
"80","RT @Shoji_NY: Micks took this picture and I was surprised about quality of iPhone 7's camera<ed><U+00A0><U+00BD><ed><U+00B8><U+0082><ed><U+00A0><U+00BD><ed><U+00B8><U+0082>
#projecttaro #iphone7 #<U+767D><U+9ED2> #<U+753B><U+8CEA> # https://t.co…",FALSE,0,NA,2016-12-06 09:17:06,FALSE,NA,"806064915811209216",NA,"<a href=""http://twitter.com/download/iphone"" rel=""nofollow"">Twitter for iPhone</a>","taro_shoji_ny",459,TRUE,FALSE,NA,NA
"81","RT @Shoji_NY: Micks took this picture and I was surprised about quality of iPhone 7's camera<ed><U+00A0><U+00BD><ed><U+00B8><U+0082><ed><U+00A0><U+00BD><ed><U+00B8><U+0082>
#projecttaro #iphone7 #<U+767D><U+9ED2> #<U+753B><U+8CEA> # https://t.co…",FALSE,0,NA,2016-12-06 09:12:36,FALSE,NA,"806063784506707972",NA,"<a href=""http://twitter.com/download/android"" rel=""nofollow"">Twitter for Android</a>","__a__y__1123",459,TRUE,FALSE,NA,NA
"82","RT @Shoji_NY: Micks took this picture and I was surprised about quality of iPhone 7's camera<ed><U+00A0><U+00BD><ed><U+00B8><U+0082><ed><U+00A0><U+00BD><ed><U+00B8><U+0082>
#projecttaro #iphone7 #<U+767D><U+9ED2> #<U+753B><U+8CEA> # https://t.co…",FALSE,0,NA,2016-12-06 09:10:46,FALSE,NA,"806063320901906433",NA,"<a href=""http://twitter.com/download/android"" rel=""nofollow"">Twitter for Android</a>","_________shoji",459,TRUE,FALSE,NA,NA
"83","RT @Shoji_NY: Micks took this picture and I was surprised about quality of iPhone 7's camera<ed><U+00A0><U+00BD><ed><U+00B8><U+0082><ed><U+00A0><U+00BD><ed><U+00B8><U+0082>
#projecttaro #iphone7 #<U+767D><U+9ED2> #<U+753B><U+8CEA> # https://t.co…",FALSE,0,NA,2016-12-06 09:10:26,FALSE,NA,"806063237804396544",NA,"<a href=""http://twitter.com/download/android"" rel=""nofollow"">Twitter for Android</a>","0916_gene",459,TRUE,FALSE,NA,NA
"84","RT @Shoji_NY: Micks took this picture and I was surprised about quality of iPhone 7's camera<ed><U+00A0><U+00BD><ed><U+00B8><U+0082><ed><U+00A0><U+00BD><ed><U+00B8><U+0082>
#projecttaro #iphone7 #<U+767D><U+9ED2> #<U+753B><U+8CEA> # https://t.co…",FALSE,0,NA,2016-12-06 09:09:08,FALSE,NA,"806062911693033472",NA,"<a href=""http://twitter.com/download/iphone"" rel=""nofollow"">Twitter for iPhone</a>","UeokaA",459,TRUE,FALSE,NA,NA
"85","RT @Shoji_NY: Micks took this picture and I was surprised about quality of iPhone 7's camera<ed><U+00A0><U+00BD><ed><U+00B8><U+0082><ed><U+00A0><U+00BD><ed><U+00B8><U+0082>
#projecttaro #iphone7 #<U+767D><U+9ED2> #<U+753B><U+8CEA> # https://t.co…",FALSE,0,NA,2016-12-06 09:06:48,FALSE,NA,"806062324284989440",NA,"<a href=""http://twitter.com/download/iphone"" rel=""nofollow"">Twitter for iPhone</a>","taro____acc",459,TRUE,FALSE,NA,NA
"86","RT @Shoji_NY: Micks took this picture and I was surprised about quality of iPhone 7's camera<ed><U+00A0><U+00BD><ed><U+00B8><U+0082><ed><U+00A0><U+00BD><ed><U+00B8><U+0082>
#projecttaro #iphone7 #<U+767D><U+9ED2> #<U+753B><U+8CEA> # https://t.co…",FALSE,0,NA,2016-12-06 09:06:04,FALSE,NA,"806062137562890240",NA,"<a href=""http://twitter.com/download/iphone"" rel=""nofollow"">Twitter for iPhone</a>","s___trhmt",459,TRUE,FALSE,NA,NA
"87","RT @Shoji_NY: Micks took this picture and I was surprised about quality of iPhone 7's camera<ed><U+00A0><U+00BD><ed><U+00B8><U+0082><ed><U+00A0><U+00BD><ed><U+00B8><U+0082>
#projecttaro #iphone7 #<U+767D><U+9ED2> #<U+753B><U+8CEA> # https://t.co…",FALSE,0,NA,2016-12-06 09:04:06,FALSE,NA,"806061644849631233",NA,"<a href=""http://twitter.com/download/iphone"" rel=""nofollow"">Twitter for iPhone</a>","LDH____mik7",459,TRUE,FALSE,NA,NA
"88","RT @Shoji_NY: Micks took this picture and I was surprised about quality of iPhone 7's camera<ed><U+00A0><U+00BD><ed><U+00B8><U+0082><ed><U+00A0><U+00BD><ed><U+00B8><U+0082>
#projecttaro #iphone7 #<U+767D><U+9ED2> #<U+753B><U+8CEA> # https://t.co…",FALSE,0,NA,2016-12-06 08:58:42,FALSE,NA,"806060286956302336",NA,"<a href=""http://twitter.com/download/iphone"" rel=""nofollow"">Twitter for iPhone</a>","sanoreochanham",459,TRUE,FALSE,NA,NA
"89","RT @Shoji_NY: Micks took this picture and I was surprised about quality of iPhone 7's camera<ed><U+00A0><U+00BD><ed><U+00B8><U+0082><ed><U+00A0><U+00BD><ed><U+00B8><U+0082>
#projecttaro #iphone7 #<U+767D><U+9ED2> #<U+753B><U+8CEA> # https://t.co…",FALSE,0,NA,2016-12-06 08:53:53,FALSE,NA,"806059072243974144",NA,"<a href=""http://twitter.com/download/iphone"" rel=""nofollow"">Twitter for iPhone</a>","9q5W7y",459,TRUE,FALSE,NA,NA
"90","RT @Shoji_NY: Micks took this picture and I was surprised about quality of iPhone 7's camera<ed><U+00A0><U+00BD><ed><U+00B8><U+0082><ed><U+00A0><U+00BD><ed><U+00B8><U+0082>
#projecttaro #iphone7 #<U+767D><U+9ED2> #<U+753B><U+8CEA> # https://t.co…",FALSE,0,NA,2016-12-06 08:52:18,FALSE,NA,"806058672832978944",NA,"<a href=""https://mobile.twitter.com"" rel=""nofollow"">Mobile Web (M5)</a>","risa_aka_mars",459,TRUE,FALSE,NA,NA
"91","RT @Shoji_NY: Micks took this picture and I was surprised about quality of iPhone 7's camera<ed><U+00A0><U+00BD><ed><U+00B8><U+0082><ed><U+00A0><U+00BD><ed><U+00B8><U+0082>
#projecttaro #iphone7 #<U+767D><U+9ED2> #<U+753B><U+8CEA> # https://t.co…",FALSE,0,NA,2016-12-06 08:51:34,FALSE,NA,"806058491320287232",NA,"<a href=""http://twitter.com/download/iphone"" rel=""nofollow"">Twitter for iPhone</a>","Hina_LDH_0312",459,TRUE,FALSE,NA,NA
"92","RT @Shoji_NY: Micks took this picture and I was surprised about quality of iPhone 7's camera<ed><U+00A0><U+00BD><ed><U+00B8><U+0082><ed><U+00A0><U+00BD><ed><U+00B8><U+0082>
#projecttaro #iphone7 #<U+767D><U+9ED2> #<U+753B><U+8CEA> # https://t.co…",FALSE,0,NA,2016-12-06 08:50:49,FALSE,NA,"806058300756238336",NA,"<a href=""http://twitter.com/download/android"" rel=""nofollow"">Twitter for Android</a>","ldh_sano_gene",459,TRUE,FALSE,NA,NA
"93","RT @Shoji_NY: Micks took this picture and I was surprised about quality of iPhone 7's camera<ed><U+00A0><U+00BD><ed><U+00B8><U+0082><ed><U+00A0><U+00BD><ed><U+00B8><U+0082>
#projecttaro #iphone7 #<U+767D><U+9ED2> #<U+753B><U+8CEA> # https://t.co…",FALSE,0,NA,2016-12-06 08:43:27,FALSE,NA,"806056448660623361",NA,"<a href=""https://mobile.twitter.com"" rel=""nofollow"">Mobile Web (M5)</a>","nanoka_shoji",459,TRUE,FALSE,NA,NA
"94","RT @Shoji_NY: Micks took this picture and I was surprised about quality of iPhone 7's camera<ed><U+00A0><U+00BD><ed><U+00B8><U+0082><ed><U+00A0><U+00BD><ed><U+00B8><U+0082>
#projecttaro #iphone7 #<U+767D><U+9ED2> #<U+753B><U+8CEA> # https://t.co…",FALSE,0,NA,2016-12-06 08:43:12,FALSE,NA,"806056384148013056",NA,"<a href=""http://twitter.com/download/iphone"" rel=""nofollow"">Twitter for iPhone</a>","0526_satsuki",459,TRUE,FALSE,NA,NA
"95","RT @Shoji_NY: Micks took this picture and I was surprised about quality of iPhone 7's camera<ed><U+00A0><U+00BD><ed><U+00B8><U+0082><ed><U+00A0><U+00BD><ed><U+00B8><U+0082>
#projecttaro #iphone7 #<U+767D><U+9ED2> #<U+753B><U+8CEA> # https://t.co…",FALSE,0,NA,2016-12-06 08:37:45,FALSE,NA,"806055012161830912",NA,"<a href=""http://twitter.com/download/iphone"" rel=""nofollow"">Twitter for iPhone</a>","LDH_ayakaaa_312",459,TRUE,FALSE,NA,NA
"96","RT @Shoji_NY: Micks took this picture and I was surprised about quality of iPhone 7's camera<ed><U+00A0><U+00BD><ed><U+00B8><U+0082><ed><U+00A0><U+00BD><ed><U+00B8><U+0082>
#projecttaro #iphone7 #<U+767D><U+9ED2> #<U+753B><U+8CEA> # https://t.co…",FALSE,0,NA,2016-12-06 08:36:48,FALSE,NA,"806054773845696512",NA,"<a href=""http://twitter.com/download/android"" rel=""nofollow"">Twitter for Android</a>","___ma22love",459,TRUE,FALSE,NA,NA
"97","RT @Shoji_NY: Micks took this picture and I was surprised about quality of iPhone 7's camera<ed><U+00A0><U+00BD><ed><U+00B8><U+0082><ed><U+00A0><U+00BD><ed><U+00B8><U+0082>
#projecttaro #iphone7 #<U+767D><U+9ED2> #<U+753B><U+8CEA> # https://t.co…",FALSE,0,NA,2016-12-06 08:32:21,FALSE,NA,"806053655853961216",NA,"<a href=""http://twitter.com/download/android"" rel=""nofollow"">Twitter for Android</a>","kanako_pu",459,TRUE,FALSE,NA,NA
"98","RT @Shoji_NY: Micks took this picture and I was surprised about quality of iPhone 7's camera<ed><U+00A0><U+00BD><ed><U+00B8><U+0082><ed><U+00A0><U+00BD><ed><U+00B8><U+0082>
#projecttaro #iphone7 #<U+767D><U+9ED2> #<U+753B><U+8CEA> # https://t.co…",FALSE,0,NA,2016-12-06 08:26:29,FALSE,NA,"806052177009459200",NA,"<a href=""http://twitter.com/#!/download/ipad"" rel=""nofollow"">Twitter for iPad</a>","____T_R_koto",459,TRUE,FALSE,NA,NA
"99","RT @Shoji_NY: Micks took this picture and I was surprised about quality of iPhone 7's camera<ed><U+00A0><U+00BD><ed><U+00B8><U+0082><ed><U+00A0><U+00BD><ed><U+00B8><U+0082>
#projecttaro #iphone7 #<U+767D><U+9ED2> #<U+753B><U+8CEA> # https://t.co…",FALSE,0,NA,2016-12-06 08:24:13,FALSE,NA,"806051608580784128",NA,"<a href=""http://twitter.com/download/iphone"" rel=""nofollow"">Twitter for iPhone</a>","iwahama0306",459,TRUE,FALSE,NA,NA
"100","RT @Shoji_NY: Micks took this picture and I was surprised about quality of iPhone 7's camera<ed><U+00A0><U+00BD><ed><U+00B8><U+0082><ed><U+00A0><U+00BD><ed><U+00B8><U+0082>
#projecttaro #iphone7 #<U+767D><U+9ED2> #<U+753B><U+8CEA> # https://t.co…",FALSE,0,NA,2016-12-06 08:21:36,FALSE,NA,"806050950259449856",NA,"<a href=""http://twitter.com/download/iphone"" rel=""nofollow"">Twitter for iPhone</a>","YBo0BMGJxY1ms30",459,TRUE,FALSE,NA,NA
